{"total_energy":639.305610537007,"power_avg":0.0674728876556208,"duration":94.75}