{"total_energy":638.5030150591282,"power_avg":0.06669831975964986,"duration":95.73}