{"total_energy":615.313744239352,"power_avg":0.06652040478263264,"duration":92.5}