{"total_energy":640.7049875310623,"power_avg":0.06757778583810382,"duration":94.81}