{"total_energy":654.1428223810196,"power_avg":6.813987733135622,"duration":96}