{"total_energy":710.3763264961246,"power_avg":6.177185447792389,"duration":115}