{"total_energy":639.5080205633118,"power_avg":0.06745153681714079,"duration":94.81}