{"total_energy":638.1811974809281,"power_avg":0.06733289696992277,"duration":94.78}