{"total_energy":644.8580805496936,"power_avg":0.06741851338731768,"duration":95.65}