{"total_energy":621.0805208424053,"power_avg":0.06703513446760986,"duration":92.65}