{"total_energy":635.1981212290508,"power_avg":0.06672950112711953,"duration":95.19}