{"total_energy":637.4644516873412,"power_avg":0.06767857009102253,"duration":94.19}