{"total_energy":628.9577343273543,"power_avg":0.06734022851470603,"duration":93.4}