{"total_energy":652.6737105438284,"power_avg":0.06752262678914012,"duration":96.66}