{"total_energy":629.7114220188959,"power_avg":0.0671620543962133,"duration":93.76}