{"total_energy":618.3154605789227,"power_avg":0.0664855333955831,"duration":93}