{"total_energy":635.3799969375309,"power_avg":0.06730007382030832,"duration":94.41}