{"total_energy":624.6496838258786,"power_avg":0.06699374558407106,"duration":93.24}