{"total_energy":641.392561206774,"power_avg":0.06730953523001092,"duration":95.29}