{"total_energy":618.8243506278312,"power_avg":0.06679882886742565,"duration":92.64}