{"total_energy":652.6454389893295,"power_avg":0.06740812218439676,"duration":96.82}