{"total_energy":643.8849468016906,"power_avg":0.06736607520419445,"duration":95.58}