{"total_energy":653.7996534239369,"power_avg":0.06761812528947532,"duration":96.69}