{"total_energy":597.343402784344,"power_avg":0.06705696034848944,"duration":89.08}