{"total_energy":621.0368426405772,"power_avg":0.06660626797946989,"duration":93.24}