{"total_energy":628.8137137502873,"power_avg":0.06720249158387168,"duration":93.57}