{"total_energy":615.9905295271058,"power_avg":0.06714525065697687,"duration":91.74}