{"total_energy":635.8566200669999,"power_avg":0.06727929531975452,"duration":94.51}