{"total_energy":668.4536984031021,"power_avg":0.06762303473981811,"duration":98.85}