{"total_energy":624.9172292446106,"power_avg":0.06718095347716734,"duration":93.02}