{"total_energy":633.5581552081254,"power_avg":0.06733533374515097,"duration":94.09}