{"total_energy":616.690683068896,"power_avg":0.06708993505971453,"duration":91.92}