{"total_energy":657.2566769340152,"power_avg":0.06754950430976518,"duration":97.3}