{"total_energy":628.3805094548067,"power_avg":0.06716337210932094,"duration":93.56}