{"total_energy":687.2468731573977,"power_avg":0.0677557796665087,"duration":101.43}