{"total_energy":630.1436030449215,"power_avg":0.06721531765812497,"duration":93.75}