{"total_energy":639.2488780816237,"power_avg":0.06743131625333583,"duration":94.8}