{"total_energy":642.9974197665455,"power_avg":0.06744256553036979,"duration":95.34}