{"total_energy":620.1843065011818,"power_avg":0.06744065968912373,"duration":91.96}