{"total_energy":655.2125985476571,"power_avg":0.06748507555336875,"duration":97.09}