{"total_energy":631.9996161753427,"power_avg":0.06737017547972952,"duration":93.81}