{"total_energy":621.3173737327352,"power_avg":0.06656496397393777,"duration":93.34}