{"total_energy":650.8845154727917,"power_avg":0.06752614539607757,"duration":96.39}