{"total_energy":644.6265197319834,"power_avg":0.06754259427200161,"duration":95.44}