{"total_energy":734.6676516480444,"power_avg":6.802478256000411,"duration":108}