{"total_energy":655.8907938454872,"power_avg":0.06758277113297138,"duration":97.05}