{"total_energy":637.1312872875072,"power_avg":0.06710176801342888,"duration":94.95}