{"total_energy":657.1681054373059,"power_avg":0.06772834231034792,"duration":97.03}