{"total_energy":637.1728696694893,"power_avg":0.06729040761109824,"duration":94.69}