{"total_energy":649.3686046720857,"power_avg":0.06764960982103195,"duration":95.99}