{"total_energy":628.0695227456378,"power_avg":0.0672379319928956,"duration":93.41}