{"total_energy":627.648753848342,"power_avg":0.06688499081930328,"duration":93.84}