{"total_energy":600.5177545810858,"power_avg":0.06702955180054535,"duration":89.59}